Feature,Coeficiente
cat__student_id_STD01285,-5.481577885158332
cat__student_id_STD00338,-4.5645593665946365
cat__student_id_STD00607,-4.5483973835089495
cat__student_id_STD00861,-3.7659868801955807
cat__student_id_STD01548,-3.5709801686786364
cat__student_id_STD01555,-3.453690117919033
cat__student_id_STD01984,-3.209571857460887
cat__student_id_STD00226,-2.8286345349934696
cat__student_id_STD01008,-2.7825977373136057
cat__student_id_STD00615,-2.3906335790023037
cat__student_id_STD01470,-2.3167350937910713
cat__student_id_STD02271,-2.296395516949104
cat__student_id_STD00401,-2.236921239590243
cat__student_id_STD01317,-2.2095809195150165
cat__student_id_STD02369,-2.1887995348818436
cat__student_id_STD00163,-2.1372974272606378
cat__student_id_STD00128,-2.1309547041455184
cat__student_id_STD02428,-2.121794316492245
cat__student_id_STD01380,-2.0648045347565795
cat__student_id_STD00835,-1.996075661749253
cat__student_id_STD00722,-1.9884489488229522
cat__student_id_STD01603,-1.975298553862503
cat__student_id_STD01674,-1.9558371184438144
cat__student_id_STD00890,-1.9511468201557352
cat__student_id_STD02474,-1.8746033148005503
cat__student_id_STD01550,-1.8500613937050145
cat__student_id_STD02078,-1.84921792044078
cat__student_id_STD00513,-1.8350441891747356
cat__student_id_STD00172,-1.8140965033518477
cat__student_id_STD01746,1.8134839671040432
cat__student_id_STD01586,-1.785878595937532
cat__student_id_STD00911,-1.7834941092900054
cat__student_id_STD00981,-1.769967663058675
cat__student_id_STD00443,-1.758593758161407
cat__student_id_STD01386,-1.7501313761097448
cat__student_id_STD02476,-1.7448770935387632
cat__student_id_STD00685,-1.7446065084628157
cat__student_id_STD01854,-1.74449858705648
cat__student_id_STD01346,-1.7273272808842433
cat__student_id_STD01877,-1.7036389754004773
cat__student_id_STD01431,1.7025580112602807
cat__student_id_STD00010,-1.6932189355781075
cat__student_id_STD01639,-1.679820785492939
cat__student_id_STD00874,-1.6718952546045012
cat__student_id_STD02153,-1.6394026405799191
cat__student_id_STD02275,-1.6389908630021857
cat__student_id_STD00046,-1.6321467775933678
cat__student_id_STD02328,1.6304326805253613
cat__student_id_STD02418,-1.6236578883368848
cat__student_id_STD00856,-1.6107744576697847
cat__student_id_STD02224,-1.6078944842665248
cat__student_id_STD00948,-1.6074018184483405
cat__student_id_STD02477,-1.6034928927941612
cat__student_id_STD00435,-1.5980415059079365
cat__student_id_STD01573,1.5936131995093192
cat__student_id_STD00005,-1.5620517726142467
cat__student_id_STD00561,-1.555927615622566
cat__student_id_STD00312,-1.5511899496156842
cat__student_id_STD00428,-1.5501668972554226
cat__student_id_STD01309,-1.541322673133287
cat__student_id_STD00054,-1.5381500652606706
cat__student_id_STD01837,-1.535604166523838
cat__student_id_STD00445,-1.5321290761184174
cat__student_id_STD02393,-1.5304742004050966
cat__student_id_STD00200,-1.5287217137214872
cat__student_id_STD01677,-1.5255576742849815
cat__student_id_STD01475,-1.5235680647315606
cat__student_id_STD02364,1.5227698598075856
cat__student_id_STD00580,-1.5212831539053966
cat__student_id_STD02372,-1.5207645154260123
cat__student_id_STD00152,-1.5111736389137498
cat__student_id_STD00649,-1.5097750694023702
cat__student_id_STD02248,1.482701463597542
cat__student_id_STD01943,-1.4773413829057258
cat__student_id_STD00236,-1.474766140164485
cat__student_id_STD00042,-1.4709745320167467
cat__student_id_STD00100,-1.460712693027464
cat__student_id_STD00718,-1.4515359773591021
cat__student_id_STD01004,-1.4470220907248739
cat__student_id_STD00638,1.4373251264025528
cat__student_id_STD00248,1.416004470672645
cat__student_id_STD00403,1.4158798223343907
cat__student_id_STD01969,1.4135738236343867
cat__student_id_STD00283,-1.409621805586828
cat__student_id_STD00673,-1.4088753992955318
cat__student_id_STD01096,-1.404604559335425
cat__student_id_STD01680,-1.3859385721026212
cat__student_id_STD02026,-1.3859185927094204
cat__student_id_STD01491,1.3761444181010014
cat__student_id_STD01935,1.368741902009852
cat__student_id_STD01715,-1.368005465891171
cat__student_id_STD01975,-1.3648724819482265
cat__student_id_STD01696,-1.3618784239328467
cat__student_id_STD00194,1.3616448220358714
cat__student_id_STD00621,1.355248914527897
cat__student_id_STD01726,-1.3513304063957041
cat__student_id_STD01271,1.3511910405212622
cat__student_id_STD00235,1.349719873987033
cat__student_id_STD02396,-1.346654204069498
cat__student_id_STD00482,-1.3453673741165066
cat__student_id_STD01082,1.3453327467259597
cat__student_id_STD01143,-1.3446657187292332
cat__student_id_STD01428,-1.3399565568233796
cat__student_id_STD02160,-1.3322691863193636
cat__student_id_STD00141,1.3319996257508502
cat__student_id_STD00114,1.328944660675678
cat__student_id_STD01182,1.3261306497786238
cat__student_id_STD02439,1.323706331573329
cat__student_id_STD00807,1.3192728707689867
cat__student_id_STD00812,-1.3112778773725422
cat__student_id_STD01618,1.3086579557093878
cat__student_id_STD02455,1.304235095872835
cat__student_id_STD00138,1.3032773483729954
cat__student_id_STD01253,-1.300469633765033
cat__student_id_STD01125,-1.2921555641066735
cat__student_id_STD01623,-1.2897896539487554
cat__student_id_STD02491,-1.2880117883543403
cat__student_id_STD00924,-1.2866665934909
cat__student_id_STD00238,-1.285544083153761
cat__student_id_STD01478,1.2819600717906425
cat__student_id_STD02244,1.2802261794433738
cat__student_id_STD00184,-1.2787249070630295
cat__student_id_STD00247,1.2781811027231276
cat__student_id_STD01782,-1.2773590816835163
cat__student_id_STD00838,-1.277023003838501
cat__student_id_STD01991,1.2755102930521331
cat__student_id_STD01497,1.2737286299872785
cat__student_id_STD00745,-1.2734594898808924
cat__student_id_STD01512,-1.2690395742577818
cat__student_id_STD02380,1.2613275040096033
cat__student_id_STD01532,-1.2593545737544922
cat__student_id_STD01258,1.2582897753755369
cat__student_id_STD02146,1.2549304655938163
cat__student_id_STD00896,1.2534110025205814
cat__student_id_STD02066,-1.2379143972574311
cat__student_id_STD00348,-1.2374859074862268
cat__student_id_STD01709,-1.2368853567664546
cat__student_id_STD00436,-1.236865901125639
cat__student_id_STD00395,1.2354944321059653
cat__student_id_STD01788,1.233610449041641
cat__student_id_STD01296,-1.231007499140295
cat__student_id_STD00683,1.2280469675754637
cat__student_id_STD00193,1.227656439296971
cat__student_id_STD01703,-1.2240380601219858
cat__student_id_STD00550,-1.2212147804977127
cat__student_id_STD00539,-1.2180303051174275
cat__student_id_STD01815,1.212841647658031
cat__student_id_STD00710,-1.2050018864445766
cat__student_id_STD02197,1.2012824463213092
cat__student_id_STD00986,-1.2009247548433126
cat__student_id_STD00185,-1.1959704948734993
cat__student_id_STD00652,1.1954908374369027
cat__student_id_STD01787,1.1945557492733223
cat__student_id_STD02055,-1.1938454921522963
cat__student_id_STD01065,-1.1911067680164842
cat__student_id_STD00285,1.1899449622148017
cat__student_id_STD01457,-1.187561139426859
cat__student_id_STD00922,-1.186528103478869
cat__student_id_STD02204,-1.183457143586264
cat__student_id_STD00760,-1.1831499918339965
cat__student_id_STD01483,1.1804744302444539
cat__student_id_STD00604,1.1773033852659218
cat__student_id_STD02104,-1.1769734570407455
cat__student_id_STD00661,1.1764547212718761
cat__student_id_STD02361,1.1737598945329368
cat__student_id_STD01185,1.1702549626739218
cat__student_id_STD00963,-1.1687408585622419
cat__student_id_STD01840,-1.166077093041643
cat__student_id_STD01000,-1.1641196085172707
cat__student_id_STD00840,1.162834750966215
cat__student_id_STD00279,1.159664299179913
cat__student_id_STD02065,-1.1570489145934126
cat__student_id_STD01924,1.1541364427587182
cat__student_id_STD02072,1.154106833029048
cat__student_id_STD00804,1.1534763888767017
cat__student_id_STD00872,-1.152836417309219
cat__student_id_STD00085,-1.152107190072897
cat__student_id_STD00293,1.143410237362214
cat__student_id_STD00546,-1.1417766436506942
cat__student_id_STD01109,-1.1400722270309627
cat__student_id_STD00653,-1.1395385015800927
cat__student_id_STD01378,1.1373153220761982
cat__student_id_STD00574,1.1362612217702843
cat__student_id_STD02123,-1.1362227242862402
cat__student_id_STD00243,1.1331968907990322
cat__student_id_STD00294,-1.1311490209500366
cat__student_id_STD00041,1.1290520181786754
cat__student_id_STD00876,1.127877823634671
cat__student_id_STD01329,-1.1213373072761084
cat__student_id_STD01165,-1.1165199497249139
cat__student_id_STD01060,1.1149432194360092
cat__student_id_STD01461,1.1147346325723078
cat__student_id_STD02371,-1.1145709068019014
cat__student_id_STD01654,1.114502737302185
cat__student_id_STD00566,1.1128653448588655
cat__student_id_STD02292,1.112585300964541
cat__student_id_STD02291,-1.1107659870264415
cat__student_id_STD02310,1.1043670062953317
cat__student_id_STD01790,1.1037397433194875
cat__student_id_STD01526,-1.097778552880831
cat__student_id_STD02181,1.0952749782318905
cat__student_id_STD00858,-1.0929017270513983
cat__student_id_STD01067,1.0878972103523326
cat__student_id_STD00677,1.0869095870554615
cat__student_id_STD02392,-1.0866704527683924
cat__student_id_STD01412,-1.0822917810163064
cat__student_id_STD02339,1.0820276196967467
cat__student_id_STD01869,1.0820181731160123
cat__student_id_STD01858,-1.0797583335132859
cat__student_id_STD01339,-1.0794138165490712
cat__student_id_STD00414,1.0789822892196803
cat__student_id_STD01281,-1.078280495024269
cat__student_id_STD00093,1.075231171609523
cat__student_id_STD01046,-1.075108963406533
cat__student_id_STD01052,-1.07509117968132
cat__student_id_STD01347,1.0725964497388472
cat__student_id_STD00964,1.0717603842554517
cat__student_id_STD02457,1.068934979029141
cat__student_id_STD01588,-1.068752849108273
cat__student_id_STD02232,-1.0685807844664297
cat__student_id_STD02172,-1.0684890620687044
cat__student_id_STD00142,-1.0659378103174206
cat__student_id_STD01300,-1.0654456282976938
cat__student_id_STD00263,-1.0634916765781155
cat__student_id_STD00781,-1.0628834391272723
cat__student_id_STD01904,-1.0584063147058294
cat__student_id_STD02478,1.0572092608314394
cat__student_id_STD01047,-1.0570852916589044
cat__student_id_STD01862,-1.0569343545458776
cat__student_id_STD01933,1.0562197150310426
cat__student_id_STD00600,-1.0555562471961335
cat__student_id_STD00204,1.0542995369556356
cat__student_id_STD00212,-1.0533015094376161
cat__student_id_STD00654,1.0518060540262584
cat__student_id_STD02004,-1.0499295703804241
cat__student_id_STD01314,1.046430308149357
cat__student_id_STD02406,-1.040896723258285
cat__student_id_STD00423,1.040720551055115
cat__student_id_STD01451,-1.0406949579743083
cat__student_id_STD00733,1.0402298175615985
cat__student_id_STD00250,-1.0381399495328778
cat__student_id_STD02174,1.0361966590098264
cat__student_id_STD01206,-1.0358680133904419
cat__student_id_STD00792,-1.0320362059535357
cat__student_id_STD00447,-1.03169883066354
cat__student_id_STD00530,1.0293849110592648
cat__student_id_STD00735,-1.0268934060304793
cat__student_id_STD00659,1.0240832477785673
cat__student_id_STD01419,-1.0226500180137976
cat__student_id_STD02466,1.0198357241586256
cat__student_id_STD00688,1.0191110109600174
cat__student_id_STD00261,1.0181201489785117
cat__student_id_STD02464,1.0177452207823103
cat__student_id_STD01444,-1.0167109452632732
cat__student_id_STD02468,1.0151579421167083
cat__student_id_STD00798,1.0128872103273905
cat__student_id_STD00636,1.0108738679131066
cat__student_id_STD02203,1.0104244020162225
cat__student_id_STD01814,-1.010094176409636
cat__student_id_STD00731,1.0089980512863186
cat__student_id_STD00670,1.007083407806843
cat__student_id_STD02496,1.0039963690921898
cat__student_id_STD00361,-1.0010817865651633
cat__student_id_STD01256,1.0005599877855411
cat__student_id_STD01799,-0.9995441076811777
cat__student_id_STD02315,0.9984150202193529
cat__student_id_STD00529,0.995311791218281
cat__student_id_STD01997,-0.994424827376032
cat__student_id_STD01700,0.9933481901149291
cat__student_id_STD00990,0.9928645458552577
cat__student_id_STD02498,-0.9922054223770284
cat__student_id_STD00458,-0.9919794217407957
cat__student_id_STD02470,0.9887058277506178
cat__student_id_STD00721,0.9886557864555258
cat__student_id_STD00360,0.9858346473167998
cat__student_id_STD00061,-0.9818621337843468
cat__student_id_STD00289,-0.9814423070945137
cat__student_id_STD01757,0.9794725045415102
cat__student_id_STD00988,-0.9782635380089989
cat__student_id_STD02110,0.9769278041920474
cat__student_id_STD00096,-0.9757856935857887
cat__student_id_STD00535,-0.9754132567926037
cat__student_id_STD00909,-0.9731782527821741
cat__student_id_STD01128,0.9722132339625098
cat__student_id_STD01905,0.9721510898743477
cat__student_id_STD00573,-0.9719075198510236
cat__student_id_STD01626,0.9713634862831135
cat__student_id_STD01945,0.9708591556229004
cat__student_id_STD00043,-0.9708053038188362
cat__student_id_STD00483,0.9681180234884967
cat__student_id_STD00910,-0.9672662994718699
cat__student_id_STD02087,-0.9669706426689849
cat__student_id_STD00681,0.9636841483055917
cat__student_id_STD02427,0.9613745954780701
cat__student_id_STD00359,0.9597253368340324
cat__student_id_STD00693,0.9594633296037793
cat__student_id_STD02033,-0.9542205059422758
cat__student_id_STD00542,0.9518306179306658
cat__student_id_STD01077,0.9511435890397619
cat__student_id_STD00717,0.950811806406512
cat__student_id_STD00013,-0.948557379282815
cat__student_id_STD01459,0.9477872763305525
cat__student_id_STD01331,0.9456166481518316
cat__student_id_STD01468,-0.9456087438602536
cat__student_id_STD01130,0.9441182820953702
cat__student_id_STD01430,0.9427989446101585
cat__student_id_STD01496,-0.9418328589166314
cat__student_id_STD00725,-0.9397036110479529
cat__student_id_STD00144,0.9390925050819785
cat__student_id_STD00595,-0.9362489828024302
cat__student_id_STD01867,-0.9356800158615693
cat__student_id_STD00203,0.9348724163899402
cat__student_id_STD00456,-0.9343228570797154
cat__student_id_STD02079,0.9334470478160637
cat__student_id_STD01007,-0.9319203544902814
cat__student_id_STD02334,0.9310419842179662
cat__student_id_STD01254,0.9304675369739254
cat__student_id_STD00545,0.9304512104214655
cat__student_id_STD02330,0.9296003785870836
cat__student_id_STD02014,-0.9284035207446858
cat__student_id_STD01449,0.927620440828607
cat__student_id_STD01913,0.9276136821525995
cat__student_id_STD01442,0.9251813215643142
cat__student_id_STD02510,0.9247853729793436
cat__student_id_STD00149,0.9230940957269906
cat__student_id_STD01998,-0.9220073373563794
cat__student_id_STD01947,-0.9209394460267799
cat__student_id_STD00363,-0.9199884293247663
cat__student_id_STD01631,-0.9198953882598275
cat__student_id_STD00346,0.9189298376257304
cat__student_id_STD01226,0.9173638938555936
cat__student_id_STD02415,0.9169530463045442
cat__student_id_STD01369,0.9153608831183123
cat__student_id_STD00069,0.9137536193813235
cat__student_id_STD00452,-0.9137236121939523
cat__student_id_STD01990,-0.9129966140178873
cat__student_id_STD01824,-0.9118720893709489
cat__student_id_STD01383,0.9075962062926028
cat__student_id_STD00826,-0.9055010148616545
cat__student_id_STD00892,0.9048326451537919
cat__student_id_STD01972,-0.9028832427211849
cat__student_id_STD01169,-0.9013312833839948
cat__student_id_STD01671,0.9008093361905694
cat__student_id_STD00560,0.8988636618231465
cat__student_id_STD00554,-0.8957554139545658
cat__student_id_STD01929,0.894356881201652
cat__student_id_STD01833,0.8938016402670793
cat__student_id_STD01882,0.8933046286209199
cat__student_id_STD01542,-0.8926171480642254
cat__student_id_STD02312,0.8922693527627801
cat__student_id_STD02290,0.8911890361274276
cat__student_id_STD02038,-0.8911274744387653
cat__student_id_STD01983,0.8908871613687712
cat__student_id_STD00244,0.8889150550049955
cat__student_id_STD00730,-0.8850969007165529
cat__student_id_STD00881,0.8834960861220269
cat__student_id_STD01773,0.8818622542862787
cat__student_id_STD01885,0.8816773198069605
cat__student_id_STD00424,0.8809476252295664
cat__student_id_STD02231,-0.8805144761932947
cat__student_id_STD01996,-0.8799987410518444
cat__student_id_STD01628,0.8797747502234635
cat__student_id_STD01450,0.8793331844024898
cat__student_id_STD00880,-0.8777713169179485
cat__student_id_STD01305,0.8775327589126263
cat__student_id_STD02382,0.8745469937479118
cat__student_id_STD00091,-0.8731070272666466
cat__student_id_STD02028,0.8686160138202007
cat__student_id_STD00160,-0.8678206636146404
cat__student_id_STD01842,-0.8674352205087077
cat__student_id_STD01233,0.8668991235472637
cat__student_id_STD02489,-0.8628773558817535
cat__student_id_STD00794,0.859129876544839
cat__student_id_STD00451,0.8579956089206445
cat__student_id_STD01134,-0.8579867818000956
cat__student_id_STD00536,0.8564444599499363
cat__student_id_STD01606,0.8559250764459274
cat__student_id_STD00241,0.8554641470125423
cat__student_id_STD02346,-0.8552834544835367
cat__student_id_STD00870,-0.8551345777002092
cat__student_id_STD01992,0.8551086746197193
cat__student_id_STD00828,-0.8536275007609773
cat__student_id_STD02444,-0.852799004312538
cat__student_id_STD00833,-0.8527505263090346
cat__student_id_STD01039,-0.8527114276664739
cat__student_id_STD01283,0.8513171478693855
cat__student_id_STD02451,0.8508033275682807
cat__student_id_STD00684,0.8493280290843911
cat__student_id_STD02323,0.8466359364852635
cat__student_id_STD00132,-0.8463740579473336
cat__student_id_STD01180,0.845989580141103
cat__student_id_STD00893,0.8457937210523793
cat__student_id_STD01632,0.8439876591113046
cat__student_id_STD02127,0.8423936593737742
cat__student_id_STD00396,0.842128253089761
cat__student_id_STD02269,-0.8408408161645856
cat__student_id_STD00976,0.8401860786626953
cat__student_id_STD01146,0.8380436736715445
cat__student_id_STD00772,0.8371800234664133
cat__student_id_STD01018,0.8365783785925327
cat__student_id_STD01174,-0.8357745011266016
cat__student_id_STD02268,-0.8345454752570968
cat__student_id_STD00803,0.8344414175597231
cat__student_id_STD00113,0.8316967416287222
cat__student_id_STD00291,-0.8313032873546011
cat__student_id_STD01940,-0.8308405639032853
cat__student_id_STD01572,0.8308281747341965
cat__student_id_STD01810,0.8304190110149777
cat__student_id_STD01577,0.8296182878327029
cat__student_id_STD00866,0.8284106262993913
cat__student_id_STD01892,0.8282754974684614
cat__student_id_STD01742,-0.8269307227336132
cat__student_id_STD01566,0.8262028260231397
cat__student_id_STD01439,0.8256399016073115
cat__student_id_STD00570,-0.825249630419538
cat__student_id_STD00851,-0.8248448337680052
cat__student_id_STD00726,-0.8247143257608036
cat__student_id_STD02316,0.8246410812063274
cat__student_id_STD01644,0.8216554362968631
cat__student_id_STD00404,0.8215539338520196
cat__student_id_STD02281,0.8203747871162281
cat__student_id_STD00232,-0.8202144345094302
cat__student_id_STD01230,-0.8199505632779378
cat__student_id_STD00108,-0.818924409536366
cat__student_id_STD00295,-0.8184995025525315
cat__student_id_STD00510,0.8179194258137965
cat__student_id_STD01113,-0.8172877532614266
cat__student_id_STD01269,0.8154025318673518
cat__student_id_STD02221,0.814795452874538
cat__student_id_STD02169,0.8134110132312545
cat__student_id_STD01571,-0.8132028653936036
cat__student_id_STD00155,0.8122438764679236
cat__student_id_STD00032,0.8111128071827828
cat__student_id_STD01648,0.8106619808766103
cat__student_id_STD02460,0.8099945018940459
cat__student_id_STD00620,0.8097221484986383
cat__student_id_STD01016,-0.809483396379994
cat__student_id_STD01342,0.8094529784996045
cat__student_id_STD02096,0.8089910699104097
cat__student_id_STD00337,0.8086070404788599
cat__student_id_STD00498,-0.8085824581649106
cat__student_id_STD00504,-0.806394660665308
cat__student_id_STD00280,-0.8042832897730673
cat__student_id_STD01675,-0.8031822281397392
cat__student_id_STD01968,0.8028080802193599
cat__student_id_STD02170,-0.8019988251531465
cat__student_id_STD01051,0.8012815030259424
cat__student_id_STD00167,0.8010070667690165
cat__student_id_STD02031,0.7995964473262255
cat__student_id_STD00088,-0.79750144832294
cat__student_id_STD01633,-0.7971945646679515
cat__student_id_STD02403,-0.7957671304869968
cat__student_id_STD00306,0.7949826592147264
cat__student_id_STD02045,-0.7930858881412507
cat__student_id_STD01705,0.7929345231719509
cat__student_id_STD01045,0.7924798380141412
cat__student_id_STD00788,-0.787660836623962
cat__student_id_STD01356,0.7867662879974537
cat__student_id_STD01930,0.7866882290883178
cat__student_id_STD01219,-0.7843876010048997
cat__student_id_STD01171,-0.7834730690779879
cat__student_id_STD02257,0.7832667822689846
cat__student_id_STD00506,-0.7814863255306682
cat__student_id_STD02421,0.7810638483234418
cat__student_id_STD01752,0.7791919896396623
cat__student_id_STD01492,0.7788974946645851
cat__student_id_STD00393,0.7787025511233341
cat__student_id_STD00900,0.7777039593925006
cat__student_id_STD01458,-0.7774383064172403
cat__student_id_STD00853,-0.7762920317206242
cat__student_id_STD00484,0.7762299926457524
cat__student_id_STD01974,-0.7743599351441003
cat__student_id_STD00773,0.7729279035485446
cat__student_id_STD01208,0.7727456944449356
cat__student_id_STD00918,0.7719877782430529
cat__student_id_STD00491,-0.7701542103833933
cat__student_id_STD01845,0.7701487478189432
cat__student_id_STD02492,0.7694643082417005
cat__student_id_STD02060,-0.768660310158583
cat__student_id_STD00461,0.7654388242666835
cat__student_id_STD01266,-0.7615954860633252
cat__student_id_STD01937,0.7602826079210229
cat__student_id_STD01429,0.7592121115823597
cat__student_id_STD00591,0.7571660001432846
cat__student_id_STD02217,0.7569339226800006
cat__student_id_STD00246,-0.7566422875295177
cat__student_id_STD00623,0.7555782683359474
cat__student_id_STD01760,0.7539467599348689
cat__student_id_STD00136,0.7528082856971943
cat__student_id_STD02021,-0.7521088989140368
cat__student_id_STD00511,0.7495870450864557
cat__student_id_STD00947,0.7495111960329242
cat__student_id_STD01730,-0.7476968743797856
cat__student_id_STD00907,0.7466757330485347
cat__student_id_STD00823,0.7466208316232432
cat__student_id_STD02448,0.7464151956571519
cat__student_id_STD02373,0.7463729656200228
cat__student_id_STD00249,0.7461752032891215
cat__student_id_STD00269,-0.7448741376518502
cat__student_id_STD01793,0.7434816278279573
cat__student_id_STD01635,0.743335220308666
cat__student_id_STD01543,-0.7423828963697348
cat__student_id_STD01245,-0.74234118427641
cat__student_id_STD01485,0.7414820649889298
cat__student_id_STD02319,0.7403144375578772
cat__student_id_STD01772,0.7381186703741026
cat__student_id_STD02129,0.7368072689044832
cat__student_id_STD00891,0.7357322328282606
cat__student_id_STD01813,0.7346955421190773
cat__student_id_STD01886,-0.7345102213252834
cat__student_id_STD01321,-0.7335801335789647
cat__student_id_STD01725,0.7335551054075068
cat__student_id_STD01948,0.7315918840363552
cat__student_id_STD02122,-0.7284561087535362
cat__student_id_STD00175,0.7282025834913454
cat__student_id_STD00378,0.7249585841304521
cat__student_id_STD01323,0.7248072014655259
cat__student_id_STD00290,0.7218387356360118
cat__student_id_STD00790,0.7198038918660957
cat__student_id_STD01634,0.7187938970949638
cat__student_id_STD00989,0.7172455295150371
cat__student_id_STD00416,0.7148412622443607
cat__student_id_STD00887,0.7144519624687089
cat__student_id_STD00933,-0.7142875539833948
cat__student_id_STD00187,0.7141487272916798
cat__student_id_STD01605,-0.7137821815665948
cat__student_id_STD01706,0.7137747267208606
cat__student_id_STD01214,0.7117504678820179
cat__student_id_STD02022,-0.7089637893692238
cat__student_id_STD00110,0.7079341488880744
cat__gender_  F ,-0.7076274663291938
cat__student_id_STD01897,0.7075411296909453
cat__student_id_STD02005,0.7072912771526194
cat__student_id_STD00011,-0.7065672409676207
cat__student_id_STD01912,0.7042472329811711
cat__student_id_STD00358,0.703630466335817
cat__student_id_STD01657,0.703205407511577
cat__student_id_STD00917,0.7028276820114987
cat__student_id_STD01469,-0.702823667120467
cat__student_id_STD02265,-0.702686301959414
cat__student_id_STD00916,0.6994240152219785
cat__student_id_STD02267,0.6993812958313089
cat__student_id_STD01040,-0.6981880581930302
cat__student_id_STD01866,0.6960337450568972
cat__student_id_STD01641,-0.6956160231091791
cat__student_id_STD01454,-0.6943668185281304
cat__student_id_STD01357,0.6939249463872177
cat__student_id_STD01888,0.693390223526014
cat__student_id_STD01859,0.6923423949875847
cat__student_id_STD01477,-0.6921010081387017
cat__student_id_STD02255,0.6919614705247743
cat__student_id_STD00009,0.6919167815557232
cat__student_id_STD01373,-0.6918662439839269
cat__student_id_STD00284,0.6913537350090073
cat__student_id_STD01755,-0.6897511751447529
cat__student_id_STD00815,-0.6894380013468971
cat__student_id_STD01436,0.689275818898716
cat__student_id_STD01610,0.6889833725469598
cat__student_id_STD01136,0.6880230339294567
cat__student_id_STD00753,0.6843300474697588
cat__student_id_STD00309,0.6840300098759986
cat__student_id_STD00935,-0.6827879408146905
cat__student_id_STD00775,0.6817737604415052
cat__student_id_STD01465,-0.6812343100213499
cat__student_id_STD00750,0.6799479008602991
cat__student_id_STD01879,0.6793664320337338
cat__student_id_STD02082,0.6783505701452734
cat__student_id_STD01464,0.6774186410816961
cat__student_id_STD01701,0.676017862496018
cat__student_id_STD00345,0.6728202398122554
cat__student_id_STD01240,0.6726199168029424
cat__student_id_STD00786,0.6724442730222575
cat__student_id_STD00962,0.6715071835832869
cat__student_id_STD02220,-0.6696977767068061
cat__student_id_STD02320,0.6684855105999518
cat__student_id_STD00793,0.6675381878097927
cat__student_id_STD01453,0.6670329356825799
cat__student_id_STD01304,-0.6660916025614582
cat__student_id_STD00637,0.6653678722633019
cat__student_id_STD00336,0.6652701043429907
cat__student_id_STD01699,0.6652175036584389
cat__student_id_STD00789,-0.6648871112091049
cat__student_id_STD00328,-0.6628007021298614
cat__student_id_STD00508,0.6625843401456026
cat__student_id_STD02132,0.6620601991056033
cat__student_id_STD02165,0.6619483176562746
cat__student_id_STD00800,0.6611647031592015
cat__student_id_STD02130,0.6606255927671641
cat__student_id_STD00705,-0.660192535131151
cat__student_id_STD01066,0.6601597062440675
cat__student_id_STD02081,0.6589351199447622
cat__student_id_STD01970,0.6565139067568695
cat__student_id_STD00410,0.6528628620155656
cat__student_id_STD00715,0.6525367737265152
cat__student_id_STD02350,0.6510475067603869
cat__student_id_STD01544,0.6510250451884543
cat__student_id_STD01370,0.6507634957447211
cat__student_id_STD01135,-0.6507015766464078
cat__student_id_STD02222,0.6506501267548339
cat__student_id_STD02099,0.6499353568836258
cat__student_id_STD02114,-0.6495171230614222
cat__student_id_STD00882,-0.6489396303693449
cat__student_id_STD02314,-0.6483606921871851
cat__student_id_STD00437,-0.647488191943405
cat__student_id_STD00307,0.647345977768365
cat__student_id_STD01173,-0.6467246067430433
cat__student_id_STD02166,-0.6466144637740846
cat__student_id_STD00582,-0.6463447665743018
cat__student_id_STD01771,0.6461051591331379
cat__student_id_STD02176,0.6441194988818468
cat__student_id_STD01511,0.6436820264394416
cat__student_id_STD02293,0.643467013488738
cat__student_id_STD02305,0.6429607038584767
cat__student_id_STD01608,0.6424780416659387
cat__student_id_STD02142,0.6411155898336667
cat__student_id_STD01508,0.6409522645651456
cat__student_id_STD01761,-0.6389492383128992
cat__student_id_STD01764,0.6386726321931859
cat__student_id_STD02447,0.6382690656319221
cat__student_id_STD00975,-0.6381357108620861
cat__student_id_STD02484,0.6376933577247366
cat__student_id_STD02133,0.6358511200336983
cat__student_id_STD01392,0.635758385010005
cat__student_id_STD02370,0.6349279552420892
cat__student_id_STD02381,0.634574965755363
cat__student_id_STD02488,0.634135971797382
cat__student_id_STD01029,-0.6339705812085075
cat__student_id_STD00841,0.6334633151334776
cat__student_id_STD00034,0.6331626997483777
cat__student_id_STD00538,0.6327167899304422
cat__student_id_STD01583,0.6316931356684273
cat__student_id_STD00333,-0.6312144748110771
cat__student_id_STD02039,0.6303969879619445
cat__student_id_STD02070,-0.629884983401164
cat__student_id_STD00642,0.6294740571867863
cat__student_id_STD01732,0.6294460167655559
cat__student_id_STD00373,0.6287432178079463
cat__student_id_STD00265,-0.6272542737281706
cat__student_id_STD02417,0.6270864978728814
cat__student_id_STD00198,0.6267149187793575
cat__student_id_STD01103,-0.6246955295986868
cat__student_id_STD00277,0.6246582729172353
cat__student_id_STD01798,0.6233164135196555
cat__student_id_STD02107,0.6228232340055763
cat__student_id_STD02098,0.6209821622150987
cat__student_id_STD01946,0.6202270925335069
cat__student_id_STD01348,-0.6194106103571527
cat__student_id_STD00855,-0.6181725329105843
cat__student_id_STD00972,-0.6180023506325591
cat__student_id_STD02327,0.6174005702569694
cat__student_id_STD01261,-0.616529811711061
cat__student_id_STD02208,-0.6163306522922035
cat__student_id_STD00831,0.6161392938169649
cat__student_id_STD00968,-0.6130547592775506
cat__student_id_STD01980,-0.61305375545138
cat__student_id_STD00606,0.6120854701182556
cat__student_id_STD00440,0.6118517070817328
cat__student_id_STD01766,-0.6117413223469482
cat__student_id_STD02168,-0.6112869067079638
cat__student_id_STD01887,0.6101282661341226
cat__student_id_STD00355,-0.6093792611071711
cat__student_id_STD00381,0.6091231432719239
cat__student_id_STD01899,0.6085912837414844
cat__student_id_STD00655,-0.6074765684667979
cat__student_id_STD01545,0.6069642048168656
cat__student_id_STD00439,-0.6067931871483795
cat__student_id_STD00260,0.6060020731277516
cat__student_id_STD01445,0.6054826062875249
cat__student_id_STD01099,-0.6051758536791335
cat__student_id_STD00422,0.6050363008308443
cat__student_id_STD00645,0.6048459474923396
cat__student_id_STD02194,0.6043995637974987
cat__student_id_STD02495,0.6040603269317442
cat__student_id_STD00505,0.6023579421402808
cat__student_id_STD01488,-0.6023259362776782
cat__student_id_STD01557,0.6017289564249684
cat__student_id_STD01936,0.6012602859049144
cat__student_id_STD00748,0.5990186161756744
cat__student_id_STD00481,-0.5982166579778474
cat__student_id_STD00335,0.5966860246813045
cat__student_id_STD02219,0.5960807114034148
cat__student_id_STD00206,0.594190618239925
cat__student_id_STD00221,-0.5941530885798951
cat__student_id_STD02318,0.5923951294486993
cat__student_id_STD00097,-0.5922029646363421
cat__student_id_STD01337,0.5910629470389996
cat__student_id_STD02504,-0.5907081653269044
cat__student_id_STD00736,0.5885347687813347
cat__student_id_STD01695,0.5876787797037211
cat__student_id_STD00813,0.5871471796670543
cat__student_id_STD02482,0.5869757786500633
cat__student_id_STD00275,0.5869557500774295
cat__student_id_STD01158,-0.5866938770548462
cat__student_id_STD00325,0.586053518151379
cat__student_id_STD01908,0.5857899987550504
cat__student_id_STD02355,0.585386895044868
cat__student_id_STD01360,0.5850913002418396
cat__student_id_STD00465,0.5837510087298143
cat__student_id_STD00699,0.5823433789827743
cat__student_id_STD01247,0.5815764818991457
cat__student_id_STD02335,-0.5783699141645903
cat__student_id_STD00985,0.5781548030601081
cat__student_id_STD00080,0.5776960799065335
cat__student_id_STD02227,0.5773325754735861
cat__student_id_STD01209,0.5772707893611719
cat__student_id_STD00111,-0.5771939392251083
cat__student_id_STD02044,-0.5752824240285288
cat__student_id_STD01613,0.5742859159872118
cat__student_id_STD01971,0.5741981378447744
cat__student_id_STD00120,0.5740687939110398
cat__student_id_STD02237,0.5736967104793096
cat__student_id_STD00457,0.5735289849920203
cat__family_income_MEDIUM,-0.572715518033545
cat__student_id_STD01405,0.5724091400956483
cat__student_id_STD00587,0.5712732002351848
cat__student_id_STD01780,-0.5712285163034353
cat__student_id_STD01487,-0.570873506259678
cat__student_id_STD00608,0.5707311237196945
cat__student_id_STD00245,-0.5700534620675212
cat__student_id_STD01005,0.569538486387979
cat__student_id_STD01581,0.5689895389969128
cat__student_id_STD00543,0.5681056691001249
cat__student_id_STD01187,0.56741918798316
cat__student_id_STD02200,-0.5665550662196659
cat__student_id_STD01759,-0.56579243679787
cat__student_id_STD02101,0.5649504888233288
cat__student_id_STD01850,-0.564184302035375
cat__student_id_STD00738,-0.5615124794434007
cat__student_id_STD01193,0.5609893523701542
cat__student_id_STD02387,-0.5598505375194442
cat__student_id_STD02112,-0.5590920044400962
cat__student_id_STD02229,-0.5590109575289405
cat__student_id_STD00276,0.5587107951100092
cat__student_id_STD00323,-0.5568729987578602
cat__student_id_STD00686,-0.5558093090259896
cat__student_id_STD01388,-0.5556783884358333
cat__student_id_STD00259,0.554014733163731
cat__student_id_STD00782,0.5537834794469155
cat__student_id_STD00737,-0.5534783896326498
cat__student_id_STD01763,0.553046825762686
cat__student_id_STD00227,0.552686971465
cat__student_id_STD00779,0.5519709215601142
cat__student_id_STD02374,-0.5495852166983737
cat__student_id_STD01982,-0.5489609353790122
cat__student_id_STD02083,0.54811998079946
cat__student_id_STD01095,-0.548071854997183
cat__student_id_STD02192,0.547924248331955
cat__student_id_STD02071,-0.5461126810900113
cat__student_id_STD00228,0.545513045470488
cat__student_id_STD00133,0.5454450069306827
cat__student_id_STD00448,0.5453744104720745
cat__student_id_STD01035,-0.5429946925540201
cat__student_id_STD01048,0.5425689366059336
cat__student_id_STD00154,0.5414893222510527
cat__family_income_  High ,0.5408251629476499
cat__student_id_STD00304,0.5393808595453286
cat__student_id_STD01167,-0.5375776280629162
cat__student_id_STD02340,0.5372228301314611
cat__student_id_STD02236,-0.5358873927153636
cat__student_id_STD01396,0.5353570858871587
cat__student_id_STD01420,0.533982390949625
cat__student_id_STD02395,-0.5321218374076696
cat__student_id_STD00576,-0.5314381167316629
cat__student_id_STD01364,-0.5312964538500523
cat__student_id_STD02001,0.5295071367198791
cat__student_id_STD02245,0.5294195223835773
cat__student_id_STD00499,0.5275101164873112
cat__student_id_STD02413,0.5261665660732193
cat__student_id_STD00147,-0.525941445995881
cat__student_id_STD01210,0.5253904419016114
cat__student_id_STD01221,0.5250960087136289
cat__student_id_STD01493,0.5242458448885171
cat__student_id_STD00072,-0.5234082895986495
cat__student_id_STD01934,0.5229714139726258
cat__student_id_STD01186,0.5227106378584476
cat__student_id_STD00785,0.5225234772938724
cat__student_id_STD01089,-0.5223597743286118
cat__student_id_STD02113,0.5218357862977954
cat__student_id_STD01390,-0.5202332554237541
cat__student_id_STD01987,-0.5196097522321359
cat__student_id_STD01713,-0.5194205271716206
cat__student_id_STD02131,-0.5180361474960966
cat__student_id_STD01637,-0.5163744008837237
cat__student_id_STD01921,0.5159972576319404
cat__student_id_STD02279,0.5159814124271063
cat__student_id_STD02185,0.5157711858734595
cat__student_id_STD00842,0.5125868295346573
cat__student_id_STD01907,-0.5125664286700561
cat__student_id_STD01986,-0.5120501705117583
cat__student_id_STD00400,0.510561703815259
cat__student_id_STD01576,0.508742972685547
cat__student_id_STD01956,-0.508617456261824
cat__student_id_STD02225,-0.5072695442525301
cat__student_id_STD00354,0.5072504679637537
cat__student_id_STD01257,0.5068724182274903
cat__student_id_STD00480,-0.5065973309221692
cat__student_id_STD00123,-0.5065100541532017
cat__student_id_STD01673,0.5063728119728097
cat__student_id_STD00651,-0.5062245233308752
cat__student_id_STD01416,-0.506210389639296
cat__student_id_STD01827,0.5047777837162317
cat__student_id_STD01852,0.5040961282173536
cat__student_id_STD01108,-0.5032469631780663
cat__student_id_STD01768,-0.5025872956651866
cat__student_id_STD00931,0.5025825108396117
cat__student_id_STD00029,-0.5025495122980905
cat__student_id_STD00897,0.5018211292559849
cat__student_id_STD01812,0.5009361334583212
cat__student_id_STD01514,0.5008418003747028
cat__student_id_STD00105,-0.5006360159603024
cat__student_id_STD00593,0.4997022859825953
cat__student_id_STD01611,0.49797215039406095
cat__student_id_STD00409,-0.49727146863975996
cat__student_id_STD02303,0.49679177099942373
cat__student_id_STD00219,0.49621117316650765
cat__student_id_STD02097,0.4942697028984428
cat__student_id_STD00877,0.493437729017708
cat__student_id_STD00516,0.49255371215342486
cat__student_id_STD01235,0.491610198677072
cat__student_id_STD00827,-0.4905600312134034
cat__student_id_STD01034,0.4903493288839239
cat__student_id_STD01604,-0.4901690685506723
cat__student_id_STD01501,0.4901338610212592
cat__student_id_STD00761,0.49011309614575344
cat__student_id_STD01365,-0.48939607355453507
cat__student_id_STD00630,0.4892472973684659
cat__student_id_STD01911,0.48798091082648026
cat__student_id_STD01350,0.48767589391036714
cat__student_id_STD00297,0.48755477348491827
cat__student_id_STD00023,-0.48661211408099
cat__student_id_STD02024,0.4857440074360227
cat__student_id_STD00183,0.48438896954661936
cat__student_id_STD02040,0.4842816069363765
num__study_efficiency,0.4830334717934343
cat__student_id_STD02002,0.4826889266880867
cat__student_id_STD00476,0.4822350877615735
cat__student_id_STD00434,0.482140816256531
cat__student_id_STD01767,0.48162043326577875
cat__student_id_STD00805,-0.48030495623542374
cat__student_id_STD02238,0.48011434616489496
cat__student_id_STD00854,-0.47996380865049193
cat__tutoring_  Yes ,-0.47804255011341434
cat__student_id_STD02424,0.47785800876110984
cat__student_id_STD00324,-0.47783793245391687
cat__student_id_STD00189,-0.4774258409140504
cat__student_id_STD00079,-0.4767663530956079
cat__student_id_STD00364,0.47597117636788516
cat__student_id_STD00845,0.47428236886828445
cat__student_id_STD00906,-0.47316852336913673
cat__student_id_STD02145,0.4721920163259882
cat__student_id_STD01472,-0.47177431156083016
cat__student_id_STD00102,0.4716319867707424
cat__student_id_STD01166,0.4713958712524006
cat__student_id_STD00352,0.47080204316695407
cat__student_id_STD01736,-0.46420051729277173
cat__student_id_STD00053,-0.46356145487864286
cat__student_id_STD01527,0.4604543127487888
cat__student_id_STD01188,0.4596689662511863
cat__student_id_STD00503,0.4593699153049046
cat__student_id_STD01589,0.45892630291731784
cat__student_id_STD01195,-0.45891433511256374
cat__student_id_STD00584,0.4586594586528526
cat__student_id_STD01702,0.4576927411957625
cat__student_id_STD01510,0.45699592996612826
cat__student_id_STD00382,0.45671460949393866
cat__student_id_STD01291,0.45604961209291917
cat__student_id_STD00658,0.455931877084918
cat__student_id_STD00814,-0.4556187219713772
cat__student_id_STD00967,0.45530650220668306
cat__student_id_STD01624,-0.4539253982530081
cat__student_id_STD01875,-0.4521529738332287
cat__student_id_STD00425,0.45017568845021155
cat__student_id_STD01779,-0.4501177540080906
cat__student_id_STD00519,0.4501008904084574
cat__student_id_STD02226,0.45001877194637435
cat__student_id_STD00716,0.4494453479282062
cat__student_id_STD00518,-0.4452254249269237
cat__student_id_STD01268,0.4449520453991022
cat__student_id_STD02157,-0.4429293888534162
cat__student_id_STD01404,0.44231187982222975
cat__parental_education_high_school,-0.4422594975738561
cat__student_id_STD01124,-0.44212493924869484
cat__student_id_STD01105,0.4417331049303922
cat__student_id_STD01962,0.4408208313453851
cat__student_id_STD00704,0.4402871641601815
cat__student_id_STD00971,0.43901509268851824
cat__student_id_STD00122,0.43819583358247666
cat__student_id_STD01142,0.43755128614391686
cat__student_id_STD02502,0.4352834642142312
cat__student_id_STD01753,-0.43455982686679145
cat__student_id_STD01194,-0.4343085099330366
cat__student_id_STD01914,0.43427960854173964
cat__student_id_STD02007,-0.43382729584507346
cat__student_id_STD01091,-0.4336044299195875
cat__student_id_STD01205,-0.43352899278622226
cat__student_id_STD00385,0.4332708605302478
cat__student_id_STD02301,0.43254005876801654
cat__student_id_STD02138,0.432414880299124
cat__student_id_STD01774,-0.4323256012255695
cat__student_id_STD00349,-0.4318806215446076
cat__student_id_STD01826,0.4318769160286875
cat__student_id_STD00690,0.4318374946306863
cat__student_id_STD01055,0.43124916165495186
cat__student_id_STD01407,-0.43089900958489746
cat__student_id_STD01352,0.42958018931623304
cat__student_id_STD01748,-0.4293869784498265
cat__student_id_STD00239,-0.42698868771927895
cat__student_id_STD01609,0.42667526735987255
cat__student_id_STD02023,0.4263350022195765
cat__student_id_STD01616,0.4260479552147297
cat__student_id_STD01422,0.4258100131790164
cat__student_id_STD01001,-0.42571008164448776
cat__student_id_STD01301,-0.4255623716234038
cat__student_id_STD01823,-0.425153424723661
cat__student_id_STD00145,-0.4243957336202766
cat__student_id_STD01252,-0.4236564502900824
cat__student_id_STD00822,-0.42351261882184127
cat__student_id_STD01678,0.422693734911851
cat__student_id_STD01406,0.42181014146353696
cat__student_id_STD01960,-0.4214833166370292
cat__student_id_STD00273,-0.42107452392144845
cat__student_id_STD00978,-0.4208334115404917
cat__student_id_STD00692,-0.4193585692335997
cat__student_id_STD01141,0.4192185593757231
cat__student_id_STD00969,0.4176984411906976
cat__student_id_STD01217,0.4175161993621529
cat__student_id_STD02425,0.41728795481594666
cat__student_id_STD01855,-0.41671404739143986
cat__student_id_STD00033,0.41633947874626603
cat__student_id_STD01553,-0.41507544891377907
cat__student_id_STD00927,-0.4125846638129294
cat__student_id_STD01783,-0.4114775137737156
cat__student_id_STD01054,-0.4113418225364813
cat__student_id_STD01255,-0.4105910251977032
cat__student_id_STD01778,0.4094130913959499
cat__student_id_STD00429,0.40856935479034306
cat__gender_Female,0.40856935479034306
cat__student_id_STD00671,0.40832609948432097
cat__tutoring_YES,0.4066503009433763
cat__student_id_STD02349,0.4058596013292466
cat__student_id_STD01881,-0.40515210429387516
cat__student_id_STD00223,-0.40402334715583293
cat__student_id_STD02441,-0.4030215256605984
cat__student_id_STD00867,0.4023156394320941
cat__student_id_STD02057,0.40168137808718196
cat__student_id_STD02196,0.40106534023068086
cat__student_id_STD01351,-0.400746922684153
cat__student_id_STD01691,0.399765460598219
cat__student_id_STD01259,-0.399563349159857
cat__student_id_STD00310,-0.3994486052448466
cat__student_id_STD00915,0.39912592169523936
cat__student_id_STD02209,0.3988259377826574
cat__student_id_STD01026,0.3983705786312531
cat__student_id_STD01567,0.397991668330225
cat__student_id_STD01498,0.39794541901254826
cat__student_id_STD01415,-0.3978766726775665
cat__student_id_STD01330,0.3976272113658984
cat__student_id_STD01939,-0.3955112709227167
cat__parental_education_BACHELOR,0.3942431573330474
cat__student_id_STD01175,-0.39290307857960716
cat__student_id_STD00342,0.3918302065706511
cat__student_id_STD01385,-0.3915683641681233
cat__student_id_STD02412,0.39124343664224476
cat__student_id_STD01338,-0.39070780620406703
cat__student_id_STD01107,0.39070453983459413
cat__student_id_STD00251,0.3901631306846483
cat__student_id_STD02263,-0.3863648110251917
cat__student_id_STD00026,0.38603979151348927
cat__student_id_STD02431,-0.38584906950970166
cat__student_id_STD01112,0.38364066336415686
cat__student_id_STD00330,0.38317269762624034
cat__student_id_STD01735,0.3823768372211483
cat__parental_education_HIGH_SCHOOL,-0.3809498624500024
cat__student_id_STD02175,0.38025818927500465
cat__student_id_STD01518,0.37987618889097596
cat__parental_education_doctorate,0.3797656708227896
cat__student_id_STD00186,0.37941606936445993
cat__student_id_STD01676,0.3786405308690944
cat__student_id_STD02183,0.37839626775526075
cat__student_id_STD00022,0.3781893887453675
cat__student_id_STD01244,0.37789877422629603
cat__student_id_STD00913,0.37756043429390757
cat__student_id_STD01808,0.3772338904651016
cat__student_id_STD00634,0.3763177928973473
cat__student_id_STD00950,0.3756666194813969
cat__student_id_STD00746,0.3755676274496686
cat__student_id_STD01749,0.37377157045565246
cat__student_id_STD00515,-0.3733350320601902
cat__student_id_STD00056,-0.37228823562001595
cat__student_id_STD01368,0.37182858211651526
cat__student_id_STD00156,0.37092873466185
cat__student_id_STD02134,0.37025753449219034
cat__student_id_STD00473,0.3699915715816126
cat__student_id_STD01328,0.3695637255023575
cat__student_id_STD01126,-0.3686333833644526
cat__student_id_STD01484,0.36860424008035547
cat__student_id_STD02108,0.3684584923222127
cat__student_id_STD00257,0.3681496553477269
cat__student_id_STD01838,0.36765801920807734
cat__student_id_STD00698,0.36569119446573156
cat__student_id_STD02282,-0.3656250580131181
cat__student_id_STD00201,0.36548966768462154
cat__student_id_STD02042,-0.36510975625318626
cat__student_id_STD01116,-0.36501431368980547
cat__student_id_STD00974,-0.36491054366904924
cat__student_id_STD01456,-0.3639954307388905
cat__student_id_STD00303,-0.36354786266154004
cat__student_id_STD02272,0.36350744005883595
cat__student_id_STD02052,0.3627394369956762
cat__student_id_STD02162,-0.36267463219180696
cat__student_id_STD01189,0.3622711991736599
cat__student_id_STD01762,-0.36170343310040143
cat__student_id_STD00427,0.3616904240512696
cat__student_id_STD00594,0.3588954339155689
cat__student_id_STD01400,0.35885395946459875
cat__student_id_STD00176,0.3586269538720856
cat__student_id_STD02454,-0.35752238207309484
cat__student_id_STD00351,-0.3565859519645832
cat__student_id_STD00233,-0.3556606669923981
cat__student_id_STD02465,0.3548570369396238
cat__internet_quality_Poor,-0.35399444601245217
cat__student_id_STD00811,0.3539057188773214
cat__student_id_STD00500,0.3534537235001344
cat__student_id_STD01811,0.3533790372369219
cat__student_id_STD01160,-0.3532788236146126
cat__student_id_STD02234,0.35257003212903154
cat__student_id_STD02041,0.3524643620734729
cat__student_id_STD01660,0.35242712007852345
cat__student_id_STD01159,0.35043271650661983
cat__student_id_STD01737,0.34928817911024923
cat__student_id_STD00125,-0.34864116110058413
cat__student_id_STD00394,0.34696300419431375
cat__student_id_STD01876,0.3451253326129447
cat__student_id_STD00991,-0.3445300480655897
cat__student_id_STD00801,-0.343481575195237
cat__student_id_STD00174,-0.3434751803598549
cat__student_id_STD01558,0.3424123563278651
cat__student_id_STD01232,-0.34216660733364507
cat__student_id_STD01401,-0.34171292673049936
cat__family_income_Low,-0.34136937913004745
cat__student_id_STD01064,0.3405018818703404
cat__student_id_STD00157,0.3403860519647424
cat__student_id_STD00177,0.3403790279840151
cat__student_id_STD01534,0.33942839932872587
cat__student_id_STD01204,-0.3393638277746804
cat__student_id_STD02423,0.33837908476721684
cat__student_id_STD00380,-0.338329531081545
cat__student_id_STD01049,-0.3356631996160924
cat__student_id_STD02440,-0.3354367352071829
cat__student_id_STD01153,0.3354299166273293
cat__student_id_STD01741,-0.33533685539146285
cat__student_id_STD01818,-0.3343837000234733
cat__family_income_LOW,0.33396557635435503
cat__student_id_STD00497,-0.3338716282302031
cat__student_id_STD00479,0.33363364669068923
cat__student_id_STD01745,0.3318489908555555
cat__student_id_STD00703,-0.3314447814088185
cat__student_id_STD00116,0.33114186571932397
cat__student_id_STD02294,0.3302441722609855
cat__student_id_STD02198,0.33019429839382125
cat__student_id_STD01002,0.32881579880042633
cat__parental_education_  high_school ,0.32867910281720014
cat__student_id_STD01973,0.32856156481753407
cat__student_id_STD02212,-0.3268240541376301
cat__parental_education_  master ,-0.3268240541376301
cat__student_id_STD02311,0.32612235501808207
cat__student_id_STD01480,-0.32563042497839906
cat__student_id_STD01015,0.32518109526270733
cat__student_id_STD00379,-0.32335957411755023
cat__student_id_STD01902,0.32215118658545866
cat__student_id_STD00367,-0.32164651839885444
cat__student_id_STD00383,0.32159666752747723
cat__student_id_STD02453,-0.3213152134519913
cat__student_id_STD01802,0.3200399858831112
cat__student_id_STD00137,0.31885444597096213
cat__student_id_STD02205,0.31881940683903975
cat__student_id_STD02049,0.3186748277924586
cat__student_id_STD00362,0.31865959873263244
cat__student_id_STD00700,0.31853229912284814
cat__student_id_STD01958,0.31813586176539793
cat__student_id_STD00168,-0.3169529207687417
cat__student_id_STD02105,0.31601860841053003
cat__student_id_STD00151,0.31387025653418293
cat__student_id_STD01740,-0.3137834790739597
cat__student_id_STD01466,0.31292266180866496
cat__student_id_STD00468,-0.3121640285514302
cat__student_id_STD01792,-0.3110377520992243
cat__student_id_STD00490,-0.31087373445390454
cat__student_id_STD01541,-0.3088868563678546
cat__student_id_STD01085,-0.30829643461589457
cat__student_id_STD01809,-0.3080363235864398
cat__student_id_STD02467,-0.30786275454096496
cat__student_id_STD01452,0.3049286968299945
cat__student_id_STD01421,0.3032394173305526
cat__extracurricular_  Yes ,-0.30126932423995056
cat__student_id_STD01825,-0.3000015239085389
cat__student_id_STD01662,-0.2999213066341539
cat__student_id_STD02399,-0.29876322758289364
cat__student_id_STD00769,-0.2984678680364565
cat__student_id_STD02459,0.2975488451692928
cat__student_id_STD00958,0.29752424412404227
cat__student_id_STD01119,-0.29749657312302247
cat__student_id_STD02017,0.29730365333735853
cat__student_id_STD00774,0.29729552244006646
cat__student_id_STD02009,0.29715902408091927
cat__student_id_STD00225,0.29699578656171444
cat__student_id_STD00525,-0.2964865768990367
cat__student_id_STD02155,-0.29409121558659773
cat__student_id_STD02289,0.2937003989357889
cat__student_id_STD01863,0.29131847787974346
cat__student_id_STD01243,-0.2910783866793873
cat__student_id_STD01599,0.2904814405108639
cat__student_id_STD00282,0.2902783642427787
cat__student_id_STD00669,0.29025342386861336
cat__student_id_STD00399,0.28989780307614726
cat__student_id_STD00569,0.2890804417522059
cat__student_id_STD00895,-0.2886337720063603
cat__student_id_STD00493,-0.28809397632999173
cat__student_id_STD00878,0.2872362297790013
cat__student_id_STD01883,0.286911655143398
cat__student_id_STD00547,-0.2865730214370756
cat__student_id_STD01529,0.28603983500672103
cat__student_id_STD00150,-0.28572715827721784
cat__student_id_STD02063,0.2847770367531216
cat__student_id_STD00796,0.2836007579098659
cat__student_id_STD00810,-0.28313371213878163
cat__student_id_STD01367,0.2828556908387171
cat__student_id_STD01503,0.2807677102852021
cat__student_id_STD01597,0.27992168780160254
cat__student_id_STD01402,0.2791599839856016
cat__student_id_STD01942,0.2779836206582701
cat__student_id_STD01196,0.2765279996606573
cat__student_id_STD01003,-0.2764298181343236
cat__internet_quality_Excellent,0.27556432857424484
cat__student_id_STD01009,-0.2752721603965091
cat__student_id_STD01006,0.27460721349348427
cat__student_id_STD02258,0.2746026225968945
cat__student_id_STD00834,0.2741916420159194
cat__family_income_  Low ,-0.27337175312045037
cat__student_id_STD00531,-0.27128451668952475
cat__student_id_STD00433,0.27027935061277647
cat__student_id_STD00592,0.2699902045074399
cat__student_id_STD01093,-0.2688341297347736
cat__student_id_STD00754,-0.2674027435934604
cat__student_id_STD00397,0.2673886751676817
cat__student_id_STD01131,0.2672602932870101
cat__student_id_STD01994,0.26707306348095133
cat__student_id_STD01717,0.2670723615636622
cat__student_id_STD00121,0.2664139387944318
cat__student_id_STD02213,-0.26603020573284036
cat__student_id_STD01952,0.2644747399252446
cat__student_id_STD01533,0.2594969566417318
cat__student_id_STD00512,-0.2590897724861824
cat__family_income_High,0.2578674970822067
cat__student_id_STD02358,0.2575942054950267
cat__extracurricular_NO,0.2571735231445287
cat__student_id_STD01727,-0.2560637234655341
cat__student_id_STD00365,0.2559734372068069
cat__student_id_STD00308,0.2554973150239304
cat__student_id_STD01413,-0.25489777959889987
cat__student_id_STD01590,-0.2545363063341039
cat__student_id_STD01318,0.2540889152739962
cat__student_id_STD00565,0.25405703656920214
cat__student_id_STD02404,0.2539978741205227
cat__student_id_STD01922,0.25376450532413003
cat__student_id_STD02341,-0.2535076779641132
cat__student_id_STD01847,0.2531098923218576
cat__student_id_STD01643,-0.2524221664992972
cat__student_id_STD01463,0.25142359967190575
cat__student_id_STD01022,0.25101174857979736
cat__student_id_STD00047,-0.25068632563447035
cat__student_id_STD00006,-0.2504858072232001
cat__student_id_STD02456,0.2493657567392527
cat__student_id_STD01198,0.24896277354346485
cat__student_id_STD02259,-0.24835059842106674
cat__student_id_STD00728,-0.24834426370673274
cat__student_id_STD00037,0.24728549664768293
cat__student_id_STD02077,-0.24592064989487236
cat__student_id_STD01248,0.24510054136074721
cat__student_id_STD01909,-0.24472469911508213
cat__student_id_STD02436,0.24442741606352822
cat__student_id_STD00495,-0.2443428791547343
cat__student_id_STD01505,-0.24326461474770508
cat__gender_  M ,0.2430364622387031
cat__student_id_STD00752,0.2409116241795168
cat__student_id_STD02207,-0.24029608696264718
cat__student_id_STD02333,-0.2402077131803065
cat__student_id_STD02188,-0.24014754613584696
cat__student_id_STD02332,0.24002395555212847
cat__student_id_STD01739,0.23936218096441833
cat__student_id_STD02434,0.23901254318896092
cat__student_id_STD00003,0.2377327156296391
cat__student_id_STD01139,0.23516670393730507
num__attendance_rate,0.2345864229125795
cat__student_id_STD00082,-0.23450023654422153
cat__student_id_STD00372,0.2340264652340657
cat__student_id_STD01097,0.23333052271037885
cat__gender_    M  ,0.23333052271037885
cat__student_id_STD01693,-0.23321877969144117
cat__student_id_STD00944,-0.23289860790983297
cat__student_id_STD02068,-0.2321658749929227
cat__student_id_STD02388,0.23213421493619923
cat__student_id_STD02003,-0.23155845599329836
cat__student_id_STD01642,-0.2307652239928072
cat__student_id_STD01712,0.23035585202379666
cat__student_id_STD01100,0.23026372915907828
cat__student_id_STD00398,-0.22977463691202496
cat__tutoring_Yes,0.22852794725041983
cat__student_id_STD02156,-0.22801972846296958
cat__student_id_STD00191,-0.22717045853825166
cat__student_id_STD00714,0.22593516253413976
cat__student_id_STD00734,-0.22513725817080432
cat__student_id_STD00205,-0.22477652475613027
cat__student_id_STD01262,-0.22461026921092309
cat__student_id_STD00808,0.2238489242689969
cat__student_id_STD00392,-0.22376813269465476
cat__student_id_STD00472,-0.22335484511318773
cat__student_id_STD00148,0.2230602758537351
cat__student_id_STD01148,-0.22285873954230492
cat__extracurricular_  No ,0.2212195889662696
cat__student_id_STD00749,0.22092214980774558
cat__student_id_STD01486,0.22021954475766753
cat__student_id_STD00709,0.21999094297857094
cat__student_id_STD00820,0.21904987218722247
cat__student_id_STD00171,0.2184295403894895
cat__student_id_STD01679,0.21564345462298312
cat__student_id_STD01563,0.21522373993813326
cat__student_id_STD00631,0.21500617457452367
cat__student_id_STD00188,0.21497656140681223
cat__student_id_STD00432,-0.21403724722377507
cat__student_id_STD02408,-0.21334656275872554
cat__student_id_STD02120,0.21107708865988153
cat__student_id_STD00001,0.21102807810454502
num__previous_scores,0.21048964365759196
cat__student_id_STD00099,0.2101977497258435
cat__student_id_STD01708,-0.210038781064787
cat__tutoring_  No ,-0.2091064692827925
cat__student_id_STD01920,-0.20877429609457868
cat__student_id_STD01460,0.20790878378204913
cat__student_id_STD00657,0.2078577675925052
cat__student_id_STD01647,0.20722603987624966
cat__student_id_STD02062,-0.2071207387240901
cat__student_id_STD01538,-0.2068695246706843
cat__student_id_STD00662,0.20533652550753406
cat__student_id_STD01434,0.20504802008635595
cat__student_id_STD01011,0.2032382780274158
cat__student_id_STD01636,-0.20305671630268557
cat__student_id_STD02147,0.20134931608938314
cat__student_id_STD00369,-0.20117001386985353
cat__student_id_STD01880,-0.20093733114626516
cat__student_id_STD01371,0.20057819917196748
cat__student_id_STD00089,-0.19962003618794602
cat__student_id_STD02061,-0.19941305507857174
cat__student_id_STD00869,-0.19843726728201122
cat__student_id_STD00327,-0.19837118237171178
cat__student_id_STD02483,-0.19818210011565332
cat__student_id_STD02093,0.19765789732551492
cat__student_id_STD01280,0.19719078174797633
cat__student_id_STD02187,0.19613589284922914
cat__student_id_STD01302,-0.19564216404908724
cat__student_id_STD01056,0.19498732199645796
cat__student_id_STD02195,0.19493893765032938
cat__student_id_STD02336,-0.1947699971484061
cat__student_id_STD02357,0.1947281898307547
cat__student_id_STD01115,0.19458868691718031
cat__student_id_STD01839,0.19450326600603435
cat__student_id_STD01901,-0.19407904090983646
cat__tutoring_NO,0.19392943506982901
cat__student_id_STD00158,-0.1926873709512877
cat__student_id_STD02048,0.19102570682945835
cat__student_id_STD02353,-0.19095318744186401
cat__student_id_STD02260,0.19066486881353145
cat__student_id_STD00928,-0.18902917499956942
cat__student_id_STD02384,-0.18881247418719013
cat__student_id_STD00921,0.1885161392514456
cat__student_id_STD00857,0.1882656991766077
cat__student_id_STD00850,0.1874514164143321
cat__student_id_STD01903,0.18712707108354537
cat__student_id_STD00837,0.18711387941605223
cat__student_id_STD01251,0.1866091700876727
cat__student_id_STD00384,0.18618000473589366
cat__student_id_STD01846,0.1860129895358181
cat__student_id_STD00112,-0.18526140009629619
cat__student_id_STD00744,0.18521276976612605
cat__student_id_STD02506,0.1834594962168788
cat__student_id_STD00965,-0.18334104552114988
cat__student_id_STD02363,0.1829518155357462
cat__student_id_STD01564,0.1823786271515579
cat__student_id_STD02027,0.1806894017371603
cat__student_id_STD01238,0.18037663878798862
cat__student_id_STD01316,-0.18031974011199062
cat__student_id_STD00339,-0.17966974753779297
cat__student_id_STD01919,-0.17941767029946254
cat__student_id_STD00777,0.17939274771551678
cat__student_id_STD01747,-0.17934545108823116
cat__gender_Male,-0.17831274517958218
cat__student_id_STD02338,-0.17831274517958218
cat__student_id_STD00211,0.17799176124511745
cat__student_id_STD01117,0.17783634881144117
cat__student_id_STD02486,0.17735903929963248
cat__student_id_STD00724,-0.17721616133753232
cat__student_id_STD01954,-0.17721000676277096
cat__student_id_STD00758,-0.17470141518581314
cat__student_id_STD02414,-0.1746397209671873
cat__student_id_STD00131,-0.17452265244270465
cat__student_id_STD01629,-0.17429074151831528
cat__student_id_STD01250,0.17415860016252338
num__study_hours_week,-0.17374434554438903
cat__student_id_STD01711,0.17364414343976597
cat__student_id_STD01602,-0.1729415780420986
cat__student_id_STD00564,-0.17281974762404542
cat__student_id_STD01513,0.17029294104779105
cat__student_id_STD01769,-0.16935667636931037
cat__student_id_STD01120,-0.16848277764540678
cat__student_id_STD01714,-0.16809546864824218
cat__student_id_STD01020,-0.16799930648786005
cat__student_id_STD01835,-0.1670535204131976
cat__student_id_STD01303,0.16696044441577407
cat__student_id_STD02400,-0.1666191460040274
cat__student_id_STD00846,-0.16232997169346758
cat__student_id_STD00507,-0.16194344654802983
cat__student_id_STD01630,-0.16183809045182806
cat__student_id_STD00271,-0.16125138840256537
cat__student_id_STD02398,-0.15981283865374096
cat__student_id_STD00945,-0.15952980117630142
cat__student_id_STD01868,-0.15940985904009664
cat__student_id_STD00599,0.15885951350988198
cat__student_id_STD00943,0.15818131530248716
cat__student_id_STD02247,-0.1573723189194209
cat__student_id_STD01071,0.15733261143520955
cat__student_id_STD00067,0.15628910737098692
cat__student_id_STD00299,-0.15598897252172209
cat__student_id_STD00666,-0.1527283430505483
cat__student_id_STD01312,-0.15247452945065054
cat__student_id_STD02501,0.15202740505006013
cat__student_id_STD00601,-0.14985862645918852
cat__student_id_STD00533,0.1494397899311182
cat__student_id_STD00883,0.14772381385886021
cat__student_id_STD01570,-0.14727181088705113
cat__student_id_STD00066,-0.14646885647044422
cat__student_id_STD01999,-0.14443714903427013
cat__student_id_STD00702,0.14374868182868647
cat__student_id_STD01805,0.14320765665324356
cat__student_id_STD00954,0.14252108889966106
cat__student_id_STD02270,-0.142397479755374
cat__student_id_STD02140,0.14209845679294364
cat__tutoring_No,-0.14195866386731257
cat__student_id_STD00051,-0.14100854839660584
cat__student_id_STD01179,0.14095627536643027
cat__student_id_STD01203,0.1403046703202273
cat__student_id_STD00196,0.1398935242311838
cat__student_id_STD01274,-0.1395713691569131
cat__student_id_STD02469,0.13955459237228113
cat__student_id_STD01961,0.13909337283996248
cat__student_id_STD00849,0.13838802364988873
cat__student_id_STD00270,0.13820368445754638
cat__student_id_STD02500,0.13676026853395298
cat__student_id_STD02493,-0.13650980299460574
cat__student_id_STD00541,-0.13533881118926688
cat__student_id_STD00862,-0.1342262135563601
cat__student_id_STD01070,0.1341253921417846
cat__student_id_STD02407,-0.13157260966681766
cat__student_id_STD02376,0.12888677277967311
cat__student_id_STD02085,0.12743262417953571
cat__student_id_STD01426,0.12731499971865326
cat__student_id_STD02075,0.12696142144917513
cat__student_id_STD02473,-0.12690524623952665
cat__student_id_STD01957,-0.12686865172698852
cat__student_id_STD00571,-0.1264653026728172
cat__student_id_STD01539,0.1264228164098017
cat__student_id_STD00135,0.12400235819364694
cat__parental_education_  doctorate ,-0.12377311002062774
cat__student_id_STD00215,-0.12377311002062774
cat__student_id_STD01098,0.12358524163365896
cat__student_id_STD01720,-0.12349005542757645
cat__student_id_STD01777,-0.12237546053967603
cat__student_id_STD02397,0.12219589045896885
cat__student_id_STD00776,-0.12215442994506964
cat__student_id_STD00070,0.12159836488406683
cat__student_id_STD02450,-0.12090199641339075
num__sleep_hours,0.12086397864259649
cat__student_id_STD02463,-0.12082189774066056
cat__student_id_STD02280,0.12070217625472446
cat__student_id_STD01121,-0.11966961227950053
cat__student_id_STD02043,0.11936081393448027
cat__student_id_STD00585,0.11934568486879442
cat__parental_education_master,0.11910562462335607
cat__student_id_STD02193,-0.11904681114978163
cat__student_id_STD00770,0.11750387453601148
cat__student_id_STD01222,0.11725463686451697
cat__student_id_STD00873,0.11499966815490956
cat__student_id_STD01601,-0.11489718920885718
cat__student_id_STD01822,0.11416066250419231
cat__student_id_STD00074,-0.11391026219580985
cat__student_id_STD00640,0.11341420130344013
cat__student_id_STD00984,0.11279981702529168
cat__student_id_STD02006,0.11268222786798694
cat__family_income_  Medium ,0.11253111733275688
cat__student_id_STD00065,-0.11223162997450492
cat__student_id_STD00084,-0.11016110747161133
cat__student_id_STD01028,-0.10917652897914855
cat__student_id_STD01697,-0.10797011116505927
cat__student_id_STD00966,-0.10499935940811286
cat__student_id_STD01163,-0.10444918634127794
cat__student_id_STD00389,-0.1036029643279311
cat__student_id_STD01376,0.10319978881343787
cat__student_id_STD01844,-0.1020800555735588
cat__student_id_STD01087,0.10188214173915613
cat__student_id_STD01418,0.1018387432481801
cat__student_id_STD00474,0.10163121383810227
cat__student_id_STD00648,0.1014981005681939
cat__student_id_STD01013,0.10145715556750254
cat__student_id_STD01033,-0.10120335140251484
cat__student_id_STD02182,0.10106453973119921
cat__student_id_STD00959,-0.09991957046444372
cat__student_id_STD01537,-0.09827554854967113
cat__family_income_Medium,-0.09749224126756689
cat__parental_education_  bachelor ,0.09723597372064521
cat__student_id_STD00987,0.09588522500970048
cat__student_id_STD01220,-0.09455245655868783
cat__student_id_STD01455,-0.09449228203585155
cat__student_id_STD00537,0.09401136792134568
cat__student_id_STD01551,0.09288141413636498
cat__student_id_STD01024,0.09235005492107207
cat__student_id_STD01132,-0.09207970332130837
cat__student_id_STD00208,0.09195696868213822
cat__student_id_STD02296,-0.09192865544355176
cat__student_id_STD02458,0.09128776667195826
cat__student_id_STD02479,0.09065323706294419
cat__student_id_STD00799,0.09054697210858424
cat__student_id_STD02324,-0.08959011590594095
cat__student_id_STD01848,-0.08846336246060076
cat__internet_quality_EXCELLENT,0.08799142432506092
cat__student_id_STD01397,0.08779937039116538
cat__student_id_STD01797,0.0870384220981647
cat__student_id_STD01050,0.08703568208073174
cat__student_id_STD00020,0.08648320562465607
cat__student_id_STD00953,-0.08539639739583428
cat__student_id_STD02494,0.0852210655171055
cat__student_id_STD01966,0.08505363341589905
cat__student_id_STD01598,0.08451778161584209
cat__student_id_STD00109,0.0843585745636193
cat__student_id_STD01246,-0.08372843915286486
cat__internet_quality_GOOD,0.08353086788221907
cat__extracurricular_YES,-0.08227542695863915
cat__student_id_STD00008,0.08116910437274533
cat__student_id_STD00597,-0.08068368887377521
cat__student_id_STD01227,-0.0798172892210606
cat__student_id_STD00742,0.07981120919251462
cat__student_id_STD01614,0.07936547672803969
cat__student_id_STD00605,0.07902450758096438
cat__student_id_STD01988,-0.07881199413794693
cat__student_id_STD02191,-0.07786510279688512
cat__student_id_STD00004,-0.07657828338051677
cat__student_id_STD02251,0.07641166916269738
cat__student_id_STD01207,-0.07619047255837293
cat__student_id_STD00446,-0.07605457258330887
cat__student_id_STD00030,0.07542743022861671
cat__student_id_STD01374,0.07290596412867806
cat__student_id_STD00162,0.07253495094184055
cat__student_id_STD01723,-0.07243835834444426
cat__student_id_STD00864,0.07178006577497612
cat__student_id_STD01389,-0.07085347929199753
cat__extracurricular_Yes,-0.07066739273533802
cat__student_id_STD00768,0.07041128174187775
cat__student_id_STD02277,-0.07017662820457712
cat__student_id_STD01144,0.06966816210793371
cat__student_id_STD00863,0.06731394651258844
cat__student_id_STD00281,-0.0672442619559487
cat__student_id_STD02472,0.06563595941934101
cat__student_id_STD02158,0.06541426243249561
cat__student_id_STD01408,0.06457250676287896
cat__student_id_STD01928,0.05887775247414927
cat__student_id_STD00628,-0.0581934532280232
cat__student_id_STD01027,-0.057563754253222854
cat__student_id_STD01215,-0.05705527179701624
cat__student_id_STD00092,0.054604444015127165
cat__student_id_STD01168,0.05314470623462399
cat__student_id_STD02151,-0.05307036555060232
cat__student_id_STD01872,0.05303602216460407
cat__student_id_STD02116,0.052152973746060156
cat__student_id_STD01123,0.051316793896527005
cat__student_id_STD01384,0.049749847221637736
cat__student_id_STD02435,-0.049538665875696
cat__student_id_STD01569,-0.049064434442583585
cat__student_id_STD01596,0.04894420560433548
cat__student_id_STD02102,0.04778272569949989
cat__student_id_STD00274,-0.04724806370561743
cat__student_id_STD00904,0.046951665852418445
cat__student_id_STD00139,-0.04642729686928445
cat__parental_education_bachelor,-0.04522300513497002
cat__student_id_STD00411,-0.04428578010051719
cat__student_id_STD02337,-0.04423295973004073
cat__student_id_STD01595,0.0440698663286209
cat__student_id_STD00317,-0.04394282610294417
cat__student_id_STD02106,0.043325675624380264
cat__student_id_STD01820,-0.04225233196429704
cat__student_id_STD00213,-0.04206396944551947
cat__student_id_STD02016,0.0420196601761802
cat__student_id_STD01804,0.04138337513764707
cat__student_id_STD02179,-0.04135106010825815
cat__student_id_STD01653,0.040921210048268354
cat__family_income_HIGH,0.03975953783467021
cat__student_id_STD00471,-0.039303300065049895
cat__student_id_STD00957,-0.03916809086729253
cat__student_id_STD00390,-0.03777926014185682
cat__student_id_STD00321,0.03767022675717528
cat__student_id_STD00341,0.037450915418161285
cat__student_id_STD02030,0.03707617770380024
cat__student_id_STD01424,-0.03699581829092812
cat__student_id_STD00371,0.03649610009883209
cat__student_id_STD01381,0.03398990683753141
cat__student_id_STD00687,-0.032943392414415074
cat__student_id_STD01014,-0.03147807477064858
cat__student_id_STD00068,-0.03100008900858805
cat__student_id_STD02419,-0.029213041051451377
cat__internet_quality_  Excellent ,-0.02733133758119099
cat__student_id_STD02135,-0.02659347272297277
cat__student_id_STD00216,-0.02620036967056027
cat__student_id_STD00119,0.025163649601206317
cat__internet_quality_POOR,-0.024637977148763302
cat__extracurricular_No,-0.024180968177029052
cat__student_id_STD02035,-0.022938761869655596
cat__internet_quality_Good,-0.022543111301605204
cat__student_id_STD00210,-0.021756238245598036
cat__student_id_STD01656,0.021635569038886634
cat__student_id_STD01272,-0.021060295132675037
cat__gender_F,0.020209735150834105
cat__student_id_STD01111,-0.020165528477904357
cat__gender_M,-0.019205863381592733
cat__student_id_STD00523,-0.018901595679670005
cat__internet_quality_  Good ,-0.018579748737572677
cat__student_id_STD00596,-0.01842236468286386
cat__student_id_STD01343,0.017260488522607267
cat__student_id_STD02325,0.016708730538190573
cat__student_id_STD01063,0.016523845728658552
cat__student_id_STD00368,-0.016086706683736386
cat__student_id_STD00701,0.015444044426111511
cat__student_id_STD01661,0.014867557791018976
cat__student_id_STD02201,-0.01478509185040166
cat__student_id_STD01864,-0.01408688175641949
cat__student_id_STD02242,0.012077027717195661
cat__student_id_STD00865,0.011921305792988834
cat__student_id_STD01042,0.011220401385025293
cat__student_id_STD01036,-0.010666433470441708
cat__student_id_STD00938,0.010507777770421412
cat__student_id_STD00914,-0.009998754155055379
cat__student_id_STD00444,-0.009837287258785318
cat__student_id_STD02126,0.009778219794640098
num__age,-0.008356324144184857
cat__student_id_STD00859,-0.007916836128367346
cat__student_id_STD01923,-0.0054681775321343785
cat__student_id_STD01718,-0.005285414911612845
cat__student_id_STD02167,-0.00506325785267625
cat__student_id_STD00039,0.004802709523692894
cat__student_id_STD01785,-0.002824864724474982
cat__student_id_STD01170,0.0005121346911845856
cat__student_id_STD01218,-0.0001658225110109416
